{"train_val_test_split_rs": {"train": 0.8, "val": 0.1, "test": 0.1, "filepath_regex": "rs/results_*.json", "type": "all_result_paths"}, "train_val_test_split_darts": {"train": 0.8, "val": 0.1, "test": 0.1, "filepath_regex": "darts/results_*.json", "type": "all_result_paths"}, "train_val_test_split_random_ws": {"train": 0.8, "val": 0.1, "test": 0.1, "filepath_regex": "random_ws/results_*.json", "type": "all_result_paths"}, "train_val_test_split_gdas": {"train": 0.8, "val": 0.1, "test": 0.1, "filepath_regex": "gdas/results_*.json", "type": "all_result_paths"}, "train_val_test_split_pc_darts": {"train": 0.8, "val": 0.1, "test": 0.1, "filepath_regex": "pc_darts/results_*.json", "type": "all_result_paths"}, "train_val_test_split_re": {"train": 0.8, "val": 0.1, "test": 0.1, "filepath_regex": "re/results_*.json", "type": "all_result_paths"}, "train_val_test_split_tpe": {"train": 0.8, "val": 0.1, "test": 0.1, "filepath_regex": "tpe/results_*.json", "type": "all_result_paths"}, "train_val_test_split_de": {"train": 0.8, "val": 0.1, "test": 0.1, "filepath_regex": "de/results_*.json", "type": "all_result_paths"}, "train_val_test_split_combo": {"train": 0.8, "val": 0.1, "test": 0.1, "filepath_regex": "combo/results_*.json", "type": "all_result_paths"}, "train_val_test_split_bananas": {"train": 0.8, "val": 0.1, "test": 0.1, "filepath_regex": "bananas/results_*.json", "type": "all_result_paths"}, "train_val_test_split_drnas": {"train": 0.8, "val": 0.1, "test": 0.1, "filepath_regex": "drnas/results_*.json", "type": "all_result_paths"}, "report_freq": 100, "seed": 10}