{"data": "data/ptb", "recepie_id": 1000199, "recepies_list_path": "data/models_recepies.json", "cuda": true, "batch_size": 20, "model": "CustomRNN", "emsize": 400, "nhid": 600, "nlayers": 3, "dropout": 0.1, "dropouth": 0.25, "dropouti": 0.4, "dropoute": 0.0, "wdrop": 0.1, "tied": true, "bptt": 70, "lr": 0.001, "wdecay": 1.2e-06, "epochs": 50, "alpha": 2, "beta": 1, "log_interval": 200, "clip": 0.25, "eval_batch_size": 50, "recepie": "{\"node_0\": {\"op\": \"linear\", \"input\": [\"x\", \"h_prev_0\"]}, \"node_1\": {\"op\": \"activation_sigm\", \"input\": [\"node_0\"]}, \"node_2\": {\"op\": \"blend\", \"input\": [\"node_1\", \"h_prev_0\", \"node_0\"]}, \"node_4\": {\"op\": \"linear\", \"input\": [\"x\", \"h_prev_0\", \"node_1\"]}, \"node_5\": {\"op\": \"activation_tanh\", \"input\": [\"node_4\"]}, \"node_6\": {\"op\": \"linear\", \"input\": [\"x\", \"node_5\", \"h_prev_0\"]}, \"node_7\": {\"op\": \"activation_sigm\", \"input\": [\"node_6\"]}, \"h_new_0\": {\"op\": \"elementwise_sum\", \"input\": [\"node_7\", \"node_2\"]}}", "experiment_id": 999930726, "init_time": "2020-04-11_17-00-06", "num_params": 10934800, "wall_times": [], "train_losses": [], "val_losses": [], "test_losses": [], "status": "Exception: math range error"}