{"data": "data/ptb", "recepie_id": 1000167, "recepies_list_path": "data/models_recepies.json", "cuda": true, "batch_size": 20, "model": "CustomRNN", "emsize": 400, "nhid": 600, "nlayers": 3, "dropout": 0.1, "dropouth": 0.25, "dropouti": 0.4, "dropoute": 0.0, "wdrop": 0.1, "tied": true, "bptt": 70, "lr": 0.001, "wdecay": 1.2e-06, "epochs": 50, "alpha": 2, "beta": 1, "log_interval": 200, "clip": 0.25, "eval_batch_size": 50, "recepie": "{\"node_0\": {\"op\": \"linear\", \"input\": [\"x\", \"h_prev_0\"]}, \"node_2\": {\"op\": \"elementwise_sum\", \"input\": [\"node_0\", \"h_prev_0\"]}, \"node_3\": {\"op\": \"linear\", \"input\": [\"x\", \"h_prev_0\"]}, \"node_5\": {\"op\": \"elementwise_prod\", \"input\": [\"node_2\", \"node_3\"]}, \"h_new_0\": {\"op\": \"elementwise_sum\", \"input\": [\"node_2\", \"node_5\"]}}", "experiment_id": 999933310, "init_time": "2020-04-15_07-55-16", "num_params": 7453200, "wall_times": [106.02747941017151], "train_losses": [NaN], "val_losses": [NaN], "test_losses": [NaN], "status": "loss is nan!"}