{"data": "data/ptb", "recepie_id": 1000324, "recepies_list_path": "data/models_recepies.json", "cuda": true, "batch_size": 20, "model": "CustomRNN", "emsize": 400, "nhid": 600, "nlayers": 3, "dropout": 0.1, "dropouth": 0.25, "dropouti": 0.4, "dropoute": 0.0, "wdrop": 0.1, "tied": true, "bptt": 70, "lr": 0.001, "wdecay": 1.2e-06, "epochs": 50, "alpha": 2, "beta": 1, "log_interval": 200, "clip": 0.25, "eval_batch_size": 50, "recepie": "{\"node_0\": {\"op\": \"linear\", \"input\": [\"h_prev_0\", \"x\"]}, \"node_1\": {\"op\": \"activation_tanh\", \"input\": [\"node_0\"]}, \"node_2\": {\"op\": \"linear\", \"input\": [\"node_1\", \"h_prev_0\"]}, \"node_3\": {\"op\": \"activation_sigm\", \"input\": [\"node_2\"]}, \"node_4\": {\"op\": \"linear\", \"input\": [\"node_3\", \"node_1\"]}, \"node_5\": {\"op\": \"activation_leaky_relu\", \"input\": [\"node_4\"]}, \"node_7\": {\"op\": \"elementwise_sum\", \"input\": [\"node_5\", \"node_0\"]}, \"h_new_0\": {\"op\": \"blend\", \"input\": [\"node_7\", \"node_5\", \"node_0\"]}}", "experiment_id": 999929759, "init_time": "2020-04-23_07-35-31", "num_params": 9254800, "wall_times": [231.71159195899963, 177.23032331466675, 175.68136835098267, 173.27222347259521, 172.62502336502075], "train_losses": [5.534238257086763, 5.2356508189446505, 5.075447293045022, 4.970611619869829, NaN], "val_losses": [5.573517611228813, 5.322151085805085, 5.199887115995763, 5.122748278601695, NaN], "test_losses": [5.53661398285801, 5.283673629020024, 5.160629124317355, 5.085691581652003, NaN], "status": "loss is nan!"}