{"data": "data/ptb", "recepie_id": 1000545, "recepies_list_path": "data/models_recepies.json", "cuda": true, "batch_size": 20, "model": "CustomRNN", "emsize": 400, "nhid": 600, "nlayers": 3, "dropout": 0.1, "dropouth": 0.25, "dropouti": 0.4, "dropoute": 0.0, "wdrop": 0.1, "tied": true, "bptt": 70, "lr": 0.001, "wdecay": 1.2e-06, "epochs": 50, "alpha": 2, "beta": 1, "log_interval": 200, "clip": 0.25, "eval_batch_size": 50, "recepie": "{\"node_0\": {\"op\": \"linear\", \"input\": [\"h_prev_0\", \"x\"]}, \"node_1\": {\"op\": \"activation_sigm\", \"input\": [\"node_0\"]}, \"node_2\": {\"op\": \"linear\", \"input\": [\"h_prev_0\", \"node_1\"]}, \"node_3\": {\"op\": \"activation_tanh\", \"input\": [\"node_2\"]}, \"node_4\": {\"op\": \"linear\", \"input\": [\"h_prev_0\", \"node_3\"]}, \"node_6\": {\"op\": \"blend\", \"input\": [\"node_4\", \"node_2\", \"node_1\"]}, \"node_7\": {\"op\": \"linear\", \"input\": [\"x\", \"node_1\"]}, \"h_new_0\": {\"op\": \"elementwise_prod\", \"input\": [\"node_7\", \"node_6\"]}}", "experiment_id": 999922745, "init_time": "2020-04-17_10-05-13", "num_params": 10976400, "wall_times": [208.96514010429382, 208.09843039512634, 207.99152159690857], "train_losses": [5.6201618894895375, 5.275830290866549, NaN], "val_losses": [5.648546080508474, 5.349575278072034, NaN], "test_losses": [5.603846281477549, 5.307302530529429, NaN], "status": "loss is nan!"}