{"data": "data/ptb", "recepie_id": 1000008, "recepies_list_path": "data/models_recepies.json", "cuda": true, "batch_size": 20, "model": "CustomRNN", "emsize": 400, "nhid": 600, "nlayers": 3, "dropout": 0.1, "dropouth": 0.25, "dropouti": 0.4, "dropoute": 0.0, "wdrop": 0.1, "tied": true, "bptt": 70, "lr": 0.001, "wdecay": 1.2e-06, "epochs": 50, "alpha": 2, "beta": 1, "log_interval": 200, "clip": 0.25, "eval_batch_size": 50, "recepie": "{\"node_0\": {\"op\": \"linear\", \"input\": [\"h_prev_0\", \"x\"]}, \"node_1\": {\"op\": \"activation_sigm\", \"input\": [\"node_0\"]}, \"node_3\": {\"op\": \"linear\", \"input\": [\"node_1\", \"h_prev_0\"]}, \"node_4\": {\"op\": \"activation_leaky_relu\", \"input\": [\"node_3\"]}, \"node_11\": {\"op\": \"blend\", \"input\": [\"h_prev_0\", \"node_1\", \"node_4\"]}, \"h_new_0\": {\"op\": \"elementwise_prod\", \"input\": [\"node_3\", \"node_11\"]}}", "experiment_id": 999924758, "init_time": "2020-04-20_22-48-20", "num_params": 7493200, "wall_times": [134.3236289024353], "train_losses": [NaN], "val_losses": [NaN], "test_losses": [NaN], "status": "loss is nan!"}