{"data": "data/ptb", "recepie_id": 1000083, "recepies_list_path": "data/models_recepies.json", "cuda": true, "batch_size": 20, "model": "CustomRNN", "emsize": 400, "nhid": 600, "nlayers": 3, "dropout": 0.1, "dropouth": 0.25, "dropouti": 0.4, "dropoute": 0.0, "wdrop": 0.1, "tied": true, "bptt": 70, "lr": 0.001, "wdecay": 1.2e-06, "epochs": 50, "alpha": 2, "beta": 1, "log_interval": 200, "clip": 0.25, "eval_batch_size": 50, "recepie": "{\"node_0\": {\"op\": \"linear\", \"input\": [\"h_prev_0\", \"x\"]}, \"node_1\": {\"op\": \"activation_sigm\", \"input\": [\"node_0\"]}, \"node_6\": {\"op\": \"linear\", \"input\": [\"x\", \"node_1\"]}, \"node_10\": {\"op\": \"linear\", \"input\": [\"node_1\", \"h_prev_0\"]}, \"node_11\": {\"op\": \"activation_tanh\", \"input\": [\"node_10\"]}, \"h_new_0\": {\"op\": \"blend\", \"input\": [\"node_10\", \"node_6\", \"node_11\"]}}", "experiment_id": 999902495, "init_time": "2020-04-20_01-33-30", "num_params": 9214800, "wall_times": [198.70502305030823, 168.99568915367126, 166.73021531105042], "train_losses": [5.650291555725889, 5.3195401168576195, NaN], "val_losses": [5.675088056144068, 5.393858249470339, NaN], "test_losses": [5.637657980317051, 5.350318686476031, NaN], "status": "loss is nan!"}