{"data": "data/ptb", "recepie_id": 1000254, "recepies_list_path": "data/models_recepies.json", "cuda": true, "batch_size": 20, "model": "CustomRNN", "emsize": 400, "nhid": 600, "nlayers": 3, "dropout": 0.1, "dropouth": 0.25, "dropouti": 0.4, "dropoute": 0.0, "wdrop": 0.1, "tied": true, "bptt": 70, "lr": 0.001, "wdecay": 1.2e-06, "epochs": 50, "alpha": 2, "beta": 1, "log_interval": 200, "clip": 0.25, "eval_batch_size": 50, "recepie": "{\"node_0\": {\"op\": \"linear\", \"input\": [\"x\", \"h_prev_0\"]}, \"node_1\": {\"op\": \"activation_tanh\", \"input\": [\"node_0\"]}, \"node_3\": {\"op\": \"linear\", \"input\": [\"node_1\", \"x\"]}, \"node_4\": {\"op\": \"activation_sigm\", \"input\": [\"node_3\"]}, \"node_5\": {\"op\": \"linear\", \"input\": [\"node_1\", \"node_4\"]}, \"node_6\": {\"op\": \"activation_leaky_relu\", \"input\": [\"node_5\"]}, \"node_8\": {\"op\": \"blend\", \"input\": [\"node_1\", \"h_prev_0\", \"node_3\"]}, \"h_new_0\": {\"op\": \"blend\", \"input\": [\"node_8\", \"node_5\", \"node_6\"]}}", "experiment_id": 999965696, "init_time": "2020-04-13_16-42-31", "num_params": 9214800, "wall_times": [251.28195905685425], "train_losses": [NaN], "val_losses": [NaN], "test_losses": [NaN], "status": "loss is nan!"}