{"data": "data/ptb", "recepie_id": 1000007, "recepies_list_path": "data/models_recepies.json", "cuda": true, "batch_size": 20, "model": "CustomRNN", "emsize": 400, "nhid": 600, "nlayers": 3, "dropout": 0.1, "dropouth": 0.25, "dropouti": 0.4, "dropoute": 0.0, "wdrop": 0.1, "tied": true, "bptt": 70, "lr": 0.001, "wdecay": 1.2e-06, "epochs": 50, "alpha": 2, "beta": 1, "log_interval": 200, "clip": 0.25, "eval_batch_size": 50, "recepie": "{\"node_0\": {\"op\": \"linear\", \"input\": [\"h_prev_0\", \"x\"]}, \"node_1\": {\"op\": \"activation_leaky_relu\", \"input\": [\"node_0\"]}, \"node_2\": {\"op\": \"elementwise_sum\", \"input\": [\"node_0\", \"node_1\"]}, \"node_3\": {\"op\": \"linear\", \"input\": [\"node_1\", \"h_prev_0\"]}, \"node_4\": {\"op\": \"activation_sigm\", \"input\": [\"node_3\"]}, \"node_5\": {\"op\": \"linear\", \"input\": [\"node_4\", \"x\", \"node_1\"]}, \"node_7\": {\"op\": \"elementwise_sum\", \"input\": [\"node_5\", \"node_3\"]}, \"h_new_0\": {\"op\": \"elementwise_sum\", \"input\": [\"node_2\", \"node_7\"]}}", "experiment_id": 999964838, "init_time": "2020-04-11_14-13-31", "num_params": 10094800, "wall_times": [215.0319061279297], "train_losses": [NaN], "val_losses": [NaN], "test_losses": [NaN], "status": "loss is nan!"}