{"data": "data/ptb", "recepie_id": 1000317, "recepies_list_path": "data/models_recepies.json", "cuda": true, "batch_size": 20, "model": "CustomRNN", "emsize": 400, "nhid": 600, "nlayers": 3, "dropout": 0.1, "dropouth": 0.25, "dropouti": 0.4, "dropoute": 0.0, "wdrop": 0.1, "tied": true, "bptt": 70, "lr": 0.001, "wdecay": 1.2e-06, "epochs": 50, "alpha": 2, "beta": 1, "log_interval": 200, "clip": 0.25, "eval_batch_size": 50, "recepie": "{\"node_0\": {\"op\": \"linear\", \"input\": [\"h_prev_0\", \"x\"]}, \"node_1\": {\"op\": \"activation_sigm\", \"input\": [\"node_0\"]}, \"node_2\": {\"op\": \"linear\", \"input\": [\"h_prev_0\", \"node_1\", \"x\"]}, \"node_3\": {\"op\": \"activation_sigm\", \"input\": [\"node_2\"]}, \"node_4\": {\"op\": \"blend\", \"input\": [\"node_3\", \"node_2\", \"node_0\"]}, \"node_5\": {\"op\": \"elementwise_sum\", \"input\": [\"node_4\", \"h_prev_0\"]}, \"node_6\": {\"op\": \"linear\", \"input\": [\"h_prev_0\", \"x\"]}, \"h_new_0\": {\"op\": \"blend\", \"input\": [\"node_1\", \"node_5\", \"node_6\"]}}", "experiment_id": 999933082, "init_time": "2020-04-16_19-51-15", "num_params": 10054800, "wall_times": [190.8436894416809], "train_losses": [NaN], "val_losses": [NaN], "test_losses": [NaN], "status": "loss is nan!"}