{"data": "data/ptb", "recepie_id": 1000500, "recepies_list_path": "data/models_recepies.json", "cuda": true, "batch_size": 20, "model": "CustomRNN", "emsize": 400, "nhid": 600, "nlayers": 3, "dropout": 0.1, "dropouth": 0.25, "dropouti": 0.4, "dropoute": 0.0, "wdrop": 0.1, "tied": true, "bptt": 70, "lr": 0.001, "wdecay": 1.2e-06, "epochs": 50, "alpha": 2, "beta": 1, "log_interval": 200, "clip": 0.25, "eval_batch_size": 50, "recepie": "{\"node_0\": {\"op\": \"linear\", \"input\": [\"h_prev_0\", \"x\"]}, \"node_1\": {\"op\": \"activation_tanh\", \"input\": [\"node_0\"]}, \"node_3\": {\"op\": \"linear\", \"input\": [\"node_1\", \"x\"]}, \"node_4\": {\"op\": \"activation_tanh\", \"input\": [\"node_3\"]}, \"node_5\": {\"op\": \"blend\", \"input\": [\"node_0\", \"node_3\", \"node_4\"]}, \"h_new_0\": {\"op\": \"blend\", \"input\": [\"node_5\", \"node_0\", \"node_1\"]}}", "experiment_id": 999906947, "init_time": "2020-04-16_09-59-21", "num_params": 7453200, "wall_times": [199.3944857120514, 149.9161241054535, 149.2298982143402, 148.03444623947144, 149.4241316318512, 147.3383162021637, 149.0394937992096], "train_losses": [5.457708030767575, 5.2175136826959285, 5.052548528185682, 4.9444287558496045, 4.863923992119843, 4.78715423457587, NaN], "val_losses": [5.510197960805085, 5.321944186970339, 5.198014102224576, 5.121480402542373, 5.068939353813559, 5.026872351694915, NaN], "test_losses": [5.471467545888956, 5.273994519872573, 5.159324868211469, 5.083948820540049, 5.032470703125, 4.988987598604369, NaN], "status": "loss is nan!"}