{"data": "data/ptb", "recepie_id": 1000042, "recepies_list_path": "data/models_recepies.json", "cuda": true, "batch_size": 20, "model": "CustomRNN", "emsize": 400, "nhid": 600, "nlayers": 3, "dropout": 0.1, "dropouth": 0.25, "dropouti": 0.4, "dropoute": 0.0, "wdrop": 0.1, "tied": true, "bptt": 70, "lr": 0.001, "wdecay": 1.2e-06, "epochs": 50, "alpha": 2, "beta": 1, "log_interval": 200, "clip": 0.25, "eval_batch_size": 50, "recepie": "{\"node_0\": {\"op\": \"linear\", \"input\": [\"x\", \"h_prev_0\"]}, \"node_1\": {\"op\": \"activation_sigm\", \"input\": [\"node_0\"]}, \"node_3\": {\"op\": \"linear\", \"input\": [\"node_1\", \"h_prev_0\"]}, \"node_4\": {\"op\": \"activation_tanh\", \"input\": [\"node_3\"]}, \"node_5\": {\"op\": \"elementwise_prod\", \"input\": [\"node_4\", \"h_prev_0\"]}, \"node_6\": {\"op\": \"linear\", \"input\": [\"node_4\", \"node_1\"]}, \"h_new_0\": {\"op\": \"blend\", \"input\": [\"node_4\", \"node_6\", \"node_5\"]}}", "experiment_id": 999972802, "init_time": "2020-04-13_19-17-32", "num_params": 9254800, "wall_times": [], "train_losses": [], "val_losses": [], "test_losses": [], "status": "Exception: math range error"}