{"data": "data/ptb", "recepie_id": 1000426, "recepies_list_path": "data/models_recepies.json", "cuda": true, "batch_size": 20, "model": "CustomRNN", "emsize": 400, "nhid": 600, "nlayers": 3, "dropout": 0.1, "dropouth": 0.25, "dropouti": 0.4, "dropoute": 0.0, "wdrop": 0.1, "tied": true, "bptt": 70, "lr": 0.001, "wdecay": 1.2e-06, "epochs": 50, "alpha": 2, "beta": 1, "log_interval": 200, "clip": 0.25, "eval_batch_size": 50, "recepie": "{\"node_0\": {\"op\": \"linear\", \"input\": [\"h_prev_0\", \"x\"]}, \"node_1\": {\"op\": \"activation_tanh\", \"input\": [\"node_0\"]}, \"node_2\": {\"op\": \"linear\", \"input\": [\"h_prev_0\", \"node_1\", \"x\"]}, \"node_3\": {\"op\": \"activation_tanh\", \"input\": [\"node_2\"]}, \"node_4\": {\"op\": \"linear\", \"input\": [\"x\", \"h_prev_0\", \"node_3\"]}, \"node_6\": {\"op\": \"elementwise_sum\", \"input\": [\"node_2\", \"node_1\"]}, \"h_new_0\": {\"op\": \"blend\", \"input\": [\"node_4\", \"node_0\", \"node_6\"]}}", "experiment_id": 999955565, "init_time": "2020-04-14_20-04-12", "num_params": 10934800, "wall_times": [205.2159128189087], "train_losses": [NaN], "val_losses": [NaN], "test_losses": [NaN], "status": "loss is nan!"}